[
  {
    "Id": "239036",
    "Title": "Databinding?",
    "LatestDate": "2011-04-10T22:22:53.99-07:00"
  },
  {
    "Id": "253350",
    "Title": "Update in this project",
    "LatestDate": "2012-02-15T07:02:23.217-08:00"
  },
  {
    "Id": "253386",
    "Title": "Update highlighting when Manager changed",
    "LatestDate": "2011-04-11T05:16:20.157-07:00"
  },
  {
    "Id": "266525",
    "Title": "Find text, ensure visibility and select",
    "LatestDate": "2011-07-25T15:31:40.603-07:00"
  },
  {
    "Id": "658039",
    "Title": "Resources Problem",
    "LatestDate": "2016-09-17T12:40:29.243-07:00"
  }
]