[
  {
    "Id": "647400",
    "ThreadId": "266525",
    "Html": "\r\n<p>Hi,</p>\r\n<p>first of all thanks for sharing !<br>\r\nI'm using the SyntaxHighlightbox and it suits me perfectly.<br>\r\nNow all I want to add to my app is &quot;Find text&quot; functionality.</p>\r\n<p>Suppose I have a string, how would I find the first occurence in the Textbox, ensure it's visible on screen and make the found text the selection ?</p>\r\n",
    "PostedDate": "2011-07-25T15:31:40.603-07:00",
    "UserRole": null,
    "MarkedAsAnswerDate": null
  }
]