[
  {
    "Id": "595231",
    "ThreadId": "253386",
    "Html": "<p>I modified the SyntaxHighlightBox source to update the highlighting when the CurrentHighlighter is changed. Might be useful to add to the main stream source.<span style=\"font-family: Consolas; font-size: x-small;\"></span></p>\n<p><span style=\"font-family: Consolas; color: #2b91af; font-size: x-small;\"><span style=\"font-family: Consolas; color: #2b91af; font-size: x-small;\"><span style=\"font-family: Consolas; color: #2b91af; font-size: x-small;\">IHighlighter</span></span></span><span style=\"font-family: Consolas; font-size: x-small;\"><span style=\"font-family: Consolas; font-size: x-small;\"> _currentHighlighter = </span></span><span style=\"font-family: Consolas; color: #0000ff; font-size: x-small;\"><span style=\"font-family: Consolas; color: #0000ff; font-size: x-small;\"><span style=\"font-family: Consolas; color: #0000ff; font-size: x-small;\">null</span></span></span><span style=\"font-family: Consolas; font-size: x-small;\"><span style=\"font-family: Consolas; font-size: x-small;\">;<span style=\"font-family: Consolas; font-size: x-small;\"> <span style=\"font-family: Consolas; font-size: x-small;\"><span style=\"font-family: Consolas; font-size: x-small;\"><span style=\"font-family: Consolas; font-size: x-small;\">\n<p><span style=\"font-family: Consolas; color: #0000ff; font-size: x-small;\"><span style=\"font-family: Consolas; color: #0000ff; font-size: x-small;\"><span style=\"font-family: Consolas; color: #0000ff; font-size: x-small;\">public</span></span></span><span style=\"font-family: Consolas; font-size: x-small;\"><span style=\"font-family: Consolas; font-size: x-small;\"> </span></span><span style=\"font-family: Consolas; color: #2b91af; font-size: x-small;\"><span style=\"font-family: Consolas; color: #2b91af; font-size: x-small;\"><span style=\"font-family: Consolas; color: #2b91af; font-size: x-small;\">IHighlighter </span></span></span></p>\n</span></span></span>\n<p><span style=\"font-family: Consolas; font-size: x-small;\"><span style=\"font-family: Consolas; font-size: x-small;\">CurrentHighlighter {<span style=\"font-family: Consolas; font-size: x-small;\"> </span></span></span></p>\n</span></span></span>\n<p><span style=\"font-family: Consolas; font-size: x-small;\"><span style=\"font-family: Consolas; font-size: x-small;\"><span style=\"font-family: Consolas; font-size: x-small;\">&nbsp; <span style=\"font-family: Consolas; color: #0000ff; font-size: x-small;\"><span style=\"font-family: Consolas; color: #0000ff; font-size: x-small;\"><span style=\"font-family: Consolas; color: #0000ff; font-size: x-small;\">get</span></span></span><span style=\"font-family: Consolas; font-size: x-small;\"><span style=\"font-family: Consolas; font-size: x-small;\"> { </span></span><span style=\"font-family: Consolas; color: #0000ff; font-size: x-small;\"><span style=\"font-family: Consolas; color: #0000ff; font-size: x-small;\"><span style=\"font-family: Consolas; color: #0000ff; font-size: x-small;\">return </span></span></span></span></span></span><span style=\"font-family: Consolas; font-size: x-small;\"><span style=\"font-family: Consolas; font-size: x-small;\">_currentHighlighter; }<span style=\"font-family: Consolas; font-size: x-small;\"> <span style=\"font-family: Consolas; font-size: x-small;\"><span style=\"font-family: Consolas; font-size: x-small;\"><span style=\"font-family: Consolas; font-size: x-small;\"><span style=\"font-family: Consolas; font-size: x-small;\"><span style=\"font-family: Consolas; font-size: x-small;\"><span style=\"font-family: Consolas; font-size: x-small;\"><span style=\"font-family: Consolas; font-size: x-small;\"><span style=\"font-family: Consolas; font-size: x-small;\"><font face=\"Consolas\" size=\"2\">\n<p>&nbsp; <span style=\"font-family: Consolas; color: #0000ff; font-size: x-small;\"><span style=\"font-family: Consolas; color: #0000ff; font-size: x-small;\"><span style=\"font-family: Consolas; color: #0000ff; font-size: x-small;\">set</span></span></span><span style=\"font-family: Consolas; font-size: x-small;\"><span style=\"font-family: Consolas; font-size: x-small;\"> { _currentHighlighter = </span></span><span style=\"font-family: Consolas; color: #0000ff; font-size: x-small;\"><span style=\"font-family: Consolas; color: #0000ff; font-size: x-small;\"><span style=\"font-family: Consolas; color: #0000ff; font-size: x-small;\">value</span></span></span></p>\n</font></span></span></span></span></span><span style=\"font-family: Consolas; font-size: x-small;\"><span style=\"font-family: Consolas; font-size: x-small;\">; InvalidateBlocks(0); InvalidateVisual(); } </span></span><span style=\"font-family: Consolas; font-size: x-small;\"></span></span></span></span></span></span></span><span style=\"font-family: Consolas; font-size: x-small;\"><span style=\"font-family: Consolas; font-size: x-small;\">\n<p>}</p>\n<p>Paul</p>\n</span></span>\n<p>&nbsp;</p>\n<p>&nbsp;</p>\n<p>&nbsp;</p>\n</p>\n</p>",
    "PostedDate": "2011-04-11T04:34:30.98-07:00",
    "UserRole": null,
    "MarkedAsAnswerDate": null
  },
  {
    "Id": "595247",
    "ThreadId": "253386",
    "Html": "<p>Thanks, I'll update that.</p>",
    "PostedDate": "2011-04-11T05:16:20.157-07:00",
    "UserRole": null,
    "MarkedAsAnswerDate": null
  }
]