[
  {
    "Id": "538431",
    "ThreadId": "239036",
    "Html": "\r\n<p>Hello,</p>\r\n<p>I just came across this, and quickly wondering, does the control offer databinding? I would like to provide a code window to edit an xml file that is databound, and offer syntax highlighting.</p>\r\n<p>&nbsp;</p>\r\n<p>Thanks!</p>\r\n",
    "PostedDate": "2010-12-20T11:27:19.86-08:00",
    "UserRole": null,
    "MarkedAsAnswerDate": null
  },
  {
    "Id": "595081",
    "ThreadId": "239036",
    "Html": "<p>Can't remember, but since this component is just a TextBox under the hood, you should be able to do so. I'll look into that.</p>",
    "PostedDate": "2011-04-10T22:22:53.99-07:00",
    "UserRole": null,
    "MarkedAsAnswerDate": null
  }
]