[
  {
    "Id": "595080",
    "ThreadId": "253350",
    "Html": "\r\n<p>Hello,</p>\r\n<p>Since I've no more use for this project, I kind of let it down for a long time. But seeing its popularity, I'll update it as soon as possible.<br>\r\nI want to make it more robust and stable. I also need to freeze some brushes that are still unfrozen to optimize it a lot more.</p>\r\n<p>Stay tuned ;-)&nbsp;</p>\r\n",
    "PostedDate": "2011-04-10T22:22:01.457-07:00",
    "UserRole": null,
    "MarkedAsAnswerDate": null
  },
  {
    "Id": "767633",
    "ThreadId": "253350",
    "Html": "<p>Hello,</p>\r\n<p>Thanks for sharing this wonderful control.</p>\r\n<p>Do you have a roadmap for this project? Because the project seems to be dead...</p>",
    "PostedDate": "2012-02-15T07:02:23.217-08:00",
    "UserRole": null,
    "MarkedAsAnswerDate": null
  }
]