{
  "WorkItem": {
    "AffectedComponent": {
      "Name": "",
      "DisplayName": ""
    },
    "ClosedComment": "",
    "ClosedDate": null,
    "CommentCount": 0,
    "Custom": null,
    "Description": "James reported that there is an unfrozen brush used somewhere, making the performances going to a dead end. Fix is:\r\n\r\nvar brush = (Brush)new BrushConverter().ConvertFrom(foregroundStr); brush.Freeze();\r\nForeground = brush;",
    "LastUpdatedDate": "2011-04-13T08:34:30.24-07:00",
    "PlannedForRelease": "",
    "ReleaseVisibleToPublic": false,
    "Priority": {
      "Name": "Low",
      "Severity": 50,
      "Id": 1
    },
    "ProjectName": "SyntaxHighlightBox",
    "ReportedDate": "2011-04-13T08:34:30.24-07:00",
    "Status": {
      "Name": "Proposed",
      "Id": 1
    },
    "ReasonClosed": {
      "Name": "Unassigned"
    },
    "Summary": "Unfrozen brush spotted!",
    "Type": {
      "Name": "Issue",
      "Id": 3
    },
    "VoteCount": 1,
    "Id": 3
  },
  "FileAttachments": [],
  "Comments": []
}