{
  "WorkItem": {
    "AffectedComponent": {
      "Name": "",
      "DisplayName": ""
    },
    "ClosedComment": "",
    "ClosedDate": null,
    "CommentCount": 0,
    "Custom": null,
    "Description": "After paste some Code to the  Editor with custom Highlight xml, no highlights appear. After scrolling/resizing it will highlight the words. But after enter one char or an enter, the Highlights will disappear and only appears again after scrolling or resizing. ",
    "LastUpdatedDate": "2017-05-06T03:07:30.883-07:00",
    "PlannedForRelease": "",
    "ReleaseVisibleToPublic": false,
    "Priority": {
      "Name": "Unassigned",
      "Severity": 0,
      "Id": 0
    },
    "ProjectName": "SyntaxHighlightBox",
    "ReportedDate": "2017-05-06T03:07:30.883-07:00",
    "Status": {
      "Name": "Proposed",
      "Id": 1
    },
    "ReasonClosed": {
      "Name": "Unassigned"
    },
    "Summary": "Highlights disappear",
    "Type": {
      "Name": "Unassigned",
      "Id": 5
    },
    "VoteCount": 1,
    "Id": 8
  },
  "FileAttachments": [],
  "Comments": []
}