{
  "WorkItem": {
    "AffectedComponent": {
      "Name": "",
      "DisplayName": ""
    },
    "ClosedComment": "",
    "ClosedDate": null,
    "CommentCount": 0,
    "Custom": null,
    "Description": "It seems if Text property is bound to view model and view model already contains some value (before user starts editing Syntax Higlighter) then Text will be bound correctly but it will be invisible because highlighted blocks do not appear until user actually starts editing in SyntaxHighlighter.",
    "LastUpdatedDate": "2016-04-14T03:14:43.863-07:00",
    "PlannedForRelease": "",
    "ReleaseVisibleToPublic": false,
    "Priority": {
      "Name": "Unassigned",
      "Severity": 0,
      "Id": 0
    },
    "ProjectName": "SyntaxHighlightBox",
    "ReportedDate": "2016-04-14T03:14:43.863-07:00",
    "Status": {
      "Name": "Proposed",
      "Id": 1
    },
    "ReasonClosed": {
      "Name": "Unassigned"
    },
    "Summary": "Doesn't show highlighted text at startup before editing",
    "Type": {
      "Name": "Unassigned",
      "Id": 5
    },
    "VoteCount": 1,
    "Id": 6
  },
  "FileAttachments": [],
  "Comments": []
}