{
  "WorkItem": {
    "AffectedComponent": {
      "Name": "",
      "DisplayName": ""
    },
    "ClosedComment": "",
    "ClosedDate": null,
    "CommentCount": 0,
    "Custom": null,
    "Description": "If I put SyntaxHiglighter inside an ItemsControl (So it is repeating for each item in my collection), it throws NullReferenceException at line 67 of SyntaxHighlightBox.xaml.cs\r\n\r\n\r\n```\r\nlineNumbersCanvas.Width = GetFormattedTextWidth(string.Format(\"{0:0000}\", totalLineCount)) + 5;\r\n\r\n```",
    "LastUpdatedDate": "2016-04-07T00:00:35.12-07:00",
    "PlannedForRelease": "",
    "ReleaseVisibleToPublic": false,
    "Priority": {
      "Name": "Unassigned",
      "Severity": 0,
      "Id": 0
    },
    "ProjectName": "SyntaxHighlightBox",
    "ReportedDate": "2016-04-07T00:00:10.503-07:00",
    "Status": {
      "Name": "Proposed",
      "Id": 1
    },
    "ReasonClosed": {
      "Name": "Unassigned"
    },
    "Summary": "Control throws exception inside ItemsControl",
    "Type": {
      "Name": "Unassigned",
      "Id": 5
    },
    "VoteCount": 1,
    "Id": 5
  },
  "FileAttachments": [],
  "Comments": []
}