[
  {
    "Title": "Documentation",
    "Id": "343865",
    "ParentWikiTitle": "Documentation",
    "FileExtension": "codeplexwiki",
    "UpdatedDate": "2010-11-14T09:06:27.043-08:00",
    "FileAttachments": []
  },
  {
    "Title": "Home",
    "Id": "343767",
    "ParentWikiTitle": "Home",
    "FileExtension": "codeplexwiki",
    "UpdatedDate": "2010-11-14T04:22:14.28-08:00",
    "FileAttachments": [
      {
        "Id": "b0423cc2-da92-422b-9f34-7c04c6ab72b8",
        "FileName": "cbox1.png",
        "DownloadUri": "./343767/b0423cc2-da92-422b-9f34-7c04c6ab72b8"
      },
      {
        "Id": "bee076f4-d5cd-40d8-9ef7-a5f8858164d9",
        "FileName": "cbox2.png",
        "DownloadUri": "./343767/bee076f4-d5cd-40d8-9ef7-a5f8858164d9"
      }
    ]
  }
]
